fold,accuracy,precision,recall,f1
1,0.8570688762299327,0.7943485086342229,0.7772657450076805,0.7857142857142857
2,0.8626943005181347,0.8600746268656716,0.7081413210445469,0.776748104465038
3,0.8316062176165803,0.7659574468085106,0.72,0.7422680412371134
