metric,value
accuracy,0.8591160220994475
precision,0.8212669683257918
recall,0.7438524590163934
f1,0.7806451612903226
threshold,0.5
