threshold,f1
0.1,0.5980558555778429
0.2,0.6978042426497953
0.30000000000000004,0.7740395051009333
0.4,0.814278822961891
0.5,0.8234988302573434
0.6000000000000001,0.8293216630196937
0.7000000000000001,0.8127330083166046
0.8,0.7878971255673223
