metric,value
accuracy,0.8625690607734806
precision,0.8465227817745803
recall,0.7233606557377049
f1,0.7801104972375691
threshold,0.6000000000000001
