metric,value
r2_train,0.9209581144769141
r2_test,0.07931489234082623
mse_train,0.0012730169065271228
mse_test,0.0018864004024684176
mae_test,0.03718559868230482
