Metric,Value
accuracy,0.8549723756906077
precision,0.8144796380090498
recall,0.7377049180327869
f1,0.7741935483870968
