metric,fold_1,fold_2,fold_3,mean,std
accuracy,0.8669705760464153,0.8636552009946126,0.8582677165354331,0.8629644978588203,0.003586339269442503
precision,0.883177570093458,0.9115646258503401,0.8782051282051282,0.8909824413829753,0.014694693660630831
recall,0.6974169741697417,0.6592865928659286,0.6732186732186732,0.6766407467514478,0.015753611967658544
f1,0.7793814432989691,0.7651677373304783,0.7621696801112656,0.768906286913571,0.00750749681968311
