metric,fold_1,fold_2,fold_3,mean,std
accuracy,0.8773311230832987,0.8731869042685454,0.8599254040613344,0.8701478104710595,0.0074236932408036325
precision,0.8995363214837713,0.916256157635468,0.8814102564102564,0.899067578509832,0.014229640380347254
recall,0.7158671586715867,0.6863468634686347,0.6756756756756757,0.6926298992719658,0.016998945664013113
f1,0.7972602739726027,0.7848101265822784,0.7649513212795549,0.782340573944812,0.013305165004671759
