metric,mean,std
accuracy,0.774554496477414,0.0014749382859554523
precision,0.6638970123294977,0.006699319530737314
recall,0.671320263571186,0.015369041561677607
f1,0.6674127901663733,0.004853644831323476
